CG1CG1CG1,CG1,CG1,0.5
CG1CG1CG2,CG1,CG2,0.5
CG1CG1MC8,CG1,MC8,0.5
CG1CG1MC5,CG1,MC5,0.5
CG1CG1H7,CG1,H7,0.5
CG1CG1CG6,CG1,CG6,0.5
CG1CG1MC11,CG1,MC11,0.5
CG10CG10U4,CG10,U4,0.5
CG10CG10CG10,CG10,CG10,0.5
CG10CG10U15,CG10,U15,0.5
CG10CG10AU4,CG10a,U4,0.5
CG10CG10ACG10,CG10a,CG10,0.5
CG10CG10AU15,CG10a,U15,0.5
CG10CG10BU4,CG10b,U4,0.5
CG10CG10BCG10,CG10b,CG10,0.5
CG10CG10BU15,CG10b,U15,0.5
CG10CG10CU4,CG10c,U4,0.5
CG10CG10CCG10,CG10c,CG10,0.5
CG10CG10CU15,CG10c,U15,0.5
CG11CG11CG11,CG11,CG11,0.5
CG11CG11CG10,CG11,CG10,0.5
CG11CG11CG12,CG11,CG12,0.5
CG11CG11ACG11,CG11a,CG11,0.5
CG11CG11ACG10,CG11a,CG10,0.5
CG11CG11ACG12,CG11a,CG12,0.5
CG11CG11BCG11,CG11b,CG11,0.5
CG11CG11BCG10,CG11b,CG10,0.5
CG11CG11BCG12,CG11b,CG12,0.5
CG12CG12U14,CG12,U14,0.5
CG12CG12U13,CG12,U13,0.5
CG12CG12U5,CG12,U5,0.5
CG12CG12U6,CG12,U6,0.5
CG12CG12CG12,CG12,CG12,0.5
CG12CG12U15,CG12,U15,0.5
CG12CG12CG11,CG12,CG11,0.5
CG12CG12CG10,CG12,CG10,0.5
CG12CG12CG14,CG12,CG14,0.5
CG13CG13CG13,CG13,CG13,0.5
CG13CG13H7,CG13,H7,0.5
CG13CG13MC5,CG13,MC5,0.5
CG13CG13CG10,CG13,CG10,0.5
CG13CG13MC10,CG13,MC10,0.5
CG13CG13CG11,CG13,CG11,0.5
CG13CG13CG9,CG13,CG9,0.5
CG13CG13ACG13,CG13a,CG13,0.5
CG13CG13AH7,CG13a,H7,0.5
CG13CG13AMC5,CG13a,MC5,0.5
CG13CG13ACG10,CG13a,CG10,0.5
CG13CG13AMC10,CG13a,MC10,0.5
CG13CG13ACG11,CG13a,CG11,0.5
CG13CG13ACG9,CG13a,CG9,0.5
CG13CG13BCG13,CG13b,CG13,0.5
CG13CG13BH7,CG13b,H7,0.5
CG13CG13BMC5,CG13b,MC5,0.5
CG13CG13BCG10,CG13b,CG10,0.5
CG13CG13BMC10,CG13b,MC10,0.5
CG13CG13BCG11,CG13b,CG11,0.5
CG13CG13BCG9,CG13b,CG9,0.5
CG14CG14CG14,CG14,CG14,0.5
CG14CG14CG12,CG14,CG12,0.5
CG14CG14CG11,CG14,CG11,0.5
CG14CG14CG10,CG14,CG10,0.5
CG14CG14U5,CG14,U5,0.5
CG14CG14U6,CG14,U6,0.5
CG14CG14U13,CG14,U13,0.5
CG1CG1ACG1,CG1a,CG1,0.5
CG1CG1ACG2,CG1a,CG2,0.5
CG1CG1AMC8,CG1a,MC8,0.5
CG1CG1AMC5,CG1a,MC5,0.5
CG1CG1AH7,CG1a,H7,0.5
CG1CG1ACG6,CG1a,CG6,0.5
CG1CG1AMC11,CG1a,MC11,0.5
CG1CG1BCG1,CG1b,CG1,0.5
CG1CG1BCG2,CG1b,CG2,0.5
CG1CG1BMC8,CG1b,MC8,0.5
CG1CG1BMC5,CG1b,MC5,0.5
CG1CG1BH7,CG1b,H7,0.5
CG1CG1BCG6,CG1b,CG6,0.5
CG1CG1BMC11,CG1b,MC11,0.5
CG1CG1CCG1,CG1c,CG1,0.5
CG1CG1CCG2,CG1c,CG2,0.5
CG1CG1CMC8,CG1c,MC8,0.5
CG1CG1CMC5,CG1c,MC5,0.5
CG1CG1CH7,CG1c,H7,0.5
CG1CG1CCG6,CG1c,CG6,0.5
CG1CG1CMC11,CG1c,MC11,0.5
CG1CG1DCG1,CG1d,CG1,0.5
CG1CG1DCG2,CG1d,CG2,0.5
CG1CG1DMC8,CG1d,MC8,0.5
CG1CG1DMC5,CG1d,MC5,0.5
CG1CG1DH7,CG1d,H7,0.5
CG1CG1DCG6,CG1d,CG6,0.5
CG1CG1DMC11,CG1d,MC11,0.5
CG1CG1ECG1,CG1e,CG1,0.5
CG1CG1ECG2,CG1e,CG2,0.5
CG1CG1EMC8,CG1e,MC8,0.5
CG1CG1EMC5,CG1e,MC5,0.5
CG1CG1EH7,CG1e,H7,0.5
CG1CG1ECG6,CG1e,CG6,0.5
CG1CG1EMC11,CG1e,MC11,0.5
CG1CG1FCG1,CG1f,CG1,0.5
CG1CG1FCG2,CG1f,CG2,0.5
CG1CG1FMC8,CG1f,MC8,0.5
CG1CG1FMC5,CG1f,MC5,0.5
CG1CG1FH7,CG1f,H7,0.5
CG1CG1FCG6,CG1f,CG6,0.5
CG1CG1FMC11,CG1f,MC11,0.5
CG2CG2CG2,CG2,CG2,0.5
CG2CG2CG1,CG2,CG1,0.5
CG2CG2CG7,CG2,CG7,0.5
CG2CG2MC11,CG2,MC11,0.5
CG2CG2CG3,CG2,CG3,0.5
CG2CG2W21,CG2,W21,0.5
CG2CG2MG7,CG2,MG7,0.5
CG2CG2ACG2,CG2a,CG2,0.5
CG2CG2ACG1,CG2a,CG1,0.5
CG2CG2ACG7,CG2a,CG7,0.5
CG2CG2AMC11,CG2a,MC11,0.5
CG2CG2ACG3,CG2a,CG3,0.5
CG2CG2AW21,CG2a,W21,0.5
CG2CG2AMG7,CG2a,MG7,0.5
CG2CG2BCG2,CG2b,CG2,0.5
CG2CG2BCG1,CG2b,CG1,0.5
CG2CG2BCG7,CG2b,CG7,0.5
CG2CG2BMC11,CG2b,MC11,0.5
CG2CG2BCG3,CG2b,CG3,0.5
CG2CG2BW21,CG2b,W21,0.5
CG2CG2BMG7,CG2b,MG7,0.5
CG2CG2CCG2,CG2c,CG2,0.5
CG2CG2CCG1,CG2c,CG1,0.5
CG2CG2CCG7,CG2c,CG7,0.5
CG2CG2CMC11,CG2c,MC11,0.5
CG2CG2CCG3,CG2c,CG3,0.5
CG2CG2CW21,CG2c,W21,0.5
CG2CG2CMG7,CG2c,MG7,0.5
CG2CG2DCG2,CG2d,CG2,0.5
CG2CG2DCG1,CG2d,CG1,0.5
CG2CG2DCG7,CG2d,CG7,0.5
CG2CG2DMC11,CG2d,MC11,0.5
CG2CG2DCG3,CG2d,CG3,0.5
CG2CG2DW21,CG2d,W21,0.5
CG2CG2DMG7,CG2d,MG7,0.5
CG3CG3CG2,CG3,CG2,0.5
CG3CG3ACG2,CG3a,CG2,0.5
CG3CG3BCG2,CG3b,CG2,0.5
CG3CG3CCG2,CG3c,CG2,0.5
CG3CG3DCG2,CG3d,CG2,0.5
CG4CG4CG2,CG4,CG2,0.5
CG4CG4ACG2,CG4a,CG2,0.5
CG4CG4BCG2,CG4b,CG2,0.5
CG4CG4CCG2,CG4c,CG2,0.5
CG5CG5CG2,CG5,CG2,0.5
CG5CG5ACG2,CG5a,CG2,0.5
CG5CG5BCG2,CG5b,CG2,0.5
CG6CG6CG2,CG6,CG2,0.5
CG6CG6CG8,CG6,CG8,0.5
CG6CG6CG7,CG6,CG7,0.5
CG6CG6CG6,CG6,CG6,0.5
CG6CG6ACG2,CG6a,CG2,0.5
CG6CG6ACG8,CG6a,CG8,0.5
CG6CG6ACG7,CG6a,CG7,0.5
CG6CG6ACG6,CG6a,CG6,0.5
CG6CG6BCG2,CG6b,CG2,0.5
CG6CG6BCG8,CG6b,CG8,0.5
CG6CG6BCG7,CG6b,CG7,0.5
CG6CG6BCG6,CG6b,CG6,0.5
CG7CG7CG7,CG7,CG7,0.5
CG7CG7CG2,CG7,CG2,0.5
CG7CG7U1,CG7,U1,0.5
CG7CG7ACG7,CG7a,CG7,0.5
CG7CG7ACG2,CG7a,CG2,0.5
CG7CG7AU1,CG7a,U1,0.5
CG7CG7BCG7,CG7b,CG7,0.5
CG7CG7BCG2,CG7b,CG2,0.5
CG7CG7BU1,CG7b,U1,0.5
CG7CG7CCG7,CG7c,CG7,0.5
CG7CG7CCG2,CG7c,CG2,0.5
CG7CG7CU1,CG7c,U1,0.5
CG7CG7DCG7,CG7d,CG7,0.5
CG7CG7DCG2,CG7d,CG2,0.5
CG7CG7DU1,CG7d,U1,0.5
CG7CG7ECG7,CG7e,CG7,0.5
CG7CG7ECG2,CG7e,CG2,0.5
CG7CG7EU1,CG7e,U1,0.5
CG8CG8CG6,CG8,CG6,0.5
CG8CG8W8,CG8,W8,0.5
CG8CG8CG8,CG8,CG8,0.5
CG8CG8ACG6,CG8a,CG6,0.5
CG8CG8AW8,CG8a,W8,0.5
CG8CG8ACG8,CG8a,CG8,0.5
CG8CG8BCG6,CG8b,CG6,0.5
CG8CG8BW8,CG8b,W8,0.5
CG8CG8BCG8,CG8b,CG8,0.5
CG8CG8CCG6,CG8c,CG6,0.5
CG8CG8CW8,CG8c,W8,0.5
CG8CG8CCG8,CG8c,CG8,0.5
CG9CG9CG9,CG9,CG9,0.5
CG9CG9CG10,CG9,CG10,0.5
CG9CG9H10,CG9,H10,0.5
CG9CG9U5,CG9,U5,0.5
CG9CG9U6,CG9,U6,0.5
CG9CG9M18,CG9,M18,0.5
CG9CG9MG3,CG9,MG3,0.5
CG9CG9MG2,CG9,MG2,0.5
CG9CG9W8,CG9,W8,0.5
CG9CG9W9,CG9,W9,0.5
CG9CG9ACG9,CG9a,CG9,0.5
CG9CG9ACG10,CG9a,CG10,0.5
CG9CG9AH10,CG9a,H10,0.5
CG9CG9AU5,CG9a,U5,0.5
CG9CG9AU6,CG9a,U6,0.5
CG9CG9AM18,CG9a,M18,0.5
CG9CG9AMG3,CG9a,MG3,0.5
CG9CG9AMG2,CG9a,MG2,0.5
CG9CG9AW8,CG9a,W8,0.5
CG9CG9AW9,CG9a,W9,0.5
CG9CG9BCG9,CG9b,CG9,0.5
CG9CG9BCG10,CG9b,CG10,0.5
CG9CG9BH10,CG9b,H10,0.5
CG9CG9BU5,CG9b,U5,0.5
CG9CG9BU6,CG9b,U6,0.5
CG9CG9BM18,CG9b,M18,0.5
CG9CG9BMG3,CG9b,MG3,0.5
CG9CG9BMG2,CG9b,MG2,0.5
CG9CG9BW8,CG9b,W8,0.5
CG9CG9BW9,CG9b,W9,0.5
CG9CG9CCG9,CG9c,CG9,0.5
CG9CG9CCG10,CG9c,CG10,0.5
CG9CG9CH10,CG9c,H10,0.5
CG9CG9CU5,CG9c,U5,0.5
CG9CG9CU6,CG9c,U6,0.5
CG9CG9CM18,CG9c,M18,0.5
CG9CG9CMG3,CG9c,MG3,0.5
CG9CG9CMG2,CG9c,MG2,0.5
CG9CG9CW8,CG9c,W8,0.5
CG9CG9CW9,CG9c,W9,0.5
CG9CG9DCG9,CG9d,CG9,0.5
CG9CG9DCG10,CG9d,CG10,0.5
CG9CG9DH10,CG9d,H10,0.5
CG9CG9DU5,CG9d,U5,0.5
CG9CG9DU6,CG9d,U6,0.5
CG9CG9DM18,CG9d,M18,0.5
CG9CG9DMG3,CG9d,MG3,0.5
CG9CG9DMG2,CG9d,MG2,0.5
CG9CG9DW8,CG9d,W8,0.5
CG9CG9DW9,CG9d,W9,0.5
CG9CG9ECG9,CG9e,CG9,0.5
CG9CG9ECG10,CG9e,CG10,0.5
CG9CG9EH10,CG9e,H10,0.5
CG9CG9EU5,CG9e,U5,0.5
CG9CG9EU6,CG9e,U6,0.5
CG9CG9EM18,CG9e,M18,0.5
CG9CG9EMG3,CG9e,MG3,0.5
CG9CG9EMG2,CG9e,MG2,0.5
CG9CG9EW8,CG9e,W8,0.5
CG9CG9EW9,CG9e,W9,0.5
MG1MG1CG2,MG1,CG2,0.5
MG10MG10MG6,MG10,MG6,0.5
MG10MG10MG4,MG10,MG4,0.5
MG10MG10MG10,MG10,MG10,0.5
MG10MG10AMG6,MG10a,MG6,0.5
MG10MG10AMG4,MG10a,MG4,0.5
MG10MG10AMG10,MG10a,MG10,0.5
MG10MG10BMG6,MG10b,MG6,0.5
MG10MG10BMG4,MG10b,MG4,0.5
MG10MG10BMG10,MG10b,MG10,0.5
MG10MG10CMG6,MG10c,MG6,0.5
MG10MG10CMG4,MG10c,MG4,0.5
MG10MG10CMG10,MG10c,MG10,0.5
MG11MG11MG13,MG11,MG13,0.5
MG11MG11MG6,MG11,MG6,0.5
MG11MG11MG11,MG11,MG11,0.5
MG11MG11MG12,MG11,MG12,0.5
MG11MG11AMG13,MG11a,MG13,0.5
MG11MG11AMG6,MG11a,MG6,0.5
MG11MG11AMG11,MG11a,MG11,0.5
MG11MG11AMG12,MG11a,MG12,0.5
MG11MG11BMG13,MG11b,MG13,0.5
MG11MG11BMG6,MG11b,MG6,0.5
MG11MG11BMG11,MG11b,MG11,0.5
MG11MG11BMG12,MG11b,MG12,0.5
MG11MG11CMG13,MG11c,MG13,0.5
MG11MG11CMG6,MG11c,MG6,0.5
MG11MG11CMG11,MG11c,MG11,0.5
MG11MG11CMG12,MG11c,MG12,0.5
MG12MG12MG11,MG12,MG11,0.5
MG12MG12SM18,MG12,SM18,0.5
MG12MG12AMG11,MG12a,MG11,0.5
MG12MG12ASM18,MG12a,SM18,0.5
MG12MG12BMG11,MG12b,MG11,0.5
MG12MG12BSM18,MG12b,SM18,0.5
MG13MG13MG6,MG13,MG6,0.5
MG13MG13MG13,MG13,MG13,0.5
MG13MG13MG11,MG13,MG11,0.5
MG1MG1ACG2,MG1a,CG2,0.5
MG1MG1BCG2,MG1b,CG2,0.5
MG1MG1CCG2,MG1c,CG2,0.5
MG1MG1DCG2,MG1d,CG2,0.5
MG1MG1ECG2,MG1e,CG2,0.5
MG2MG2MG2,MG2,MG2,0.5
MG2MG2W8,MG2,W8,0.5
MG2MG2AMG2,MG2a,MG2,0.5
MG2MG2AW8,MG2a,W8,0.5
MG2MG2BMG2,MG2b,MG2,0.5
MG2MG2BW8,MG2b,W8,0.5
MG3MG3MG3,MG3,MG3,0.5
MG3MG3M26,MG3,M26,0.5
MG3MG3W9,MG3,W9,0.5
MG3MG3W7,MG3,W7,0.5
MG3MG3U4,MG3,U4,0.5
MG3MG3MG6,MG3,MG6,0.5
MG3MG3AMG3,MG3a,MG3,0.5
MG3MG3AM26,MG3a,M26,0.5
MG3MG3AW9,MG3a,W9,0.5
MG3MG3AW7,MG3a,W7,0.5
MG3MG3AU4,MG3a,U4,0.5
MG3MG3AMG6,MG3a,MG6,0.5
MG3MG3BMG3,MG3b,MG3,0.5
MG3MG3BM26,MG3b,M26,0.5
MG3MG3BW9,MG3b,W9,0.5
MG3MG3BW7,MG3b,W7,0.5
MG3MG3BU4,MG3b,U4,0.5
MG3MG3BMG6,MG3b,MG6,0.5
MG4MG4MG9,MG4,MG9,0.5
MG4MG4MG10,MG4,MG10,0.5
MG4MG4S7,MG4,S7,0.5
MG4MG4MG13,MG4,MG13,0.5
MG4MG4MG4,MG4,MG4,0.5
MG4MG4MG6,MG4,MG6,0.5
MG5MG5MG10,MG5,MG10,0.5
MG5MG5MG6,MG5,MG6,0.5
MG5MG5MG3,MG5,MG3,0.5
MG5MG5AMG10,MG5a,MG10,0.5
MG5MG5AMG6,MG5a,MG6,0.5
MG5MG5AMG3,MG5a,MG3,0.5
MG5MG5BMG10,MG5b,MG10,0.5
MG5MG5BMG6,MG5b,MG6,0.5
MG5MG5BMG3,MG5b,MG3,0.5
MG5MG5CMG10,MG5c,MG10,0.5
MG5MG5CMG6,MG5c,MG6,0.5
MG5MG5CMG3,MG5c,MG3,0.5
MG6MG6MG6,MG6,MG6,0.5
MG6MG6MG9,MG6,MG9,0.5
MG6MG6MG10,MG6,MG10,0.5
MG6MG6MG7,MG6,MG7,0.5
MG6MG6AMG6,MG6a,MG6,0.5
MG6MG6AMG9,MG6a,MG9,0.5
MG6MG6AMG10,MG6a,MG10,0.5
MG6MG6AMG7,MG6a,MG7,0.5
MG6MG6BMG6,MG6b,MG6,0.5
MG6MG6BMG9,MG6b,MG9,0.5
MG6MG6BMG10,MG6b,MG10,0.5
MG6MG6BMG7,MG6b,MG7,0.5
MG6MG6CMG6,MG6c,MG6,0.5
MG6MG6CMG9,MG6c,MG9,0.5
MG6MG6CMG10,MG6c,MG10,0.5
MG6MG6CMG7,MG6c,MG7,0.5
MG8MG8MG8,MG8,MG8,0.5
MG8MG8MG5,MG8,MG5,0.5
MG8MG8MG6,MG8,MG6,0.5
MG9MG9MG6,MG9,MG6,0.5
MG9MG9MG9,MG9,MG9,0.5
MG9MG9W7,MG9,W7,0.5
MG9MG9W8,MG9,W8,0.5
MG9MG9AMG6,MG9a,MG6,0.5
MG9MG9AMG9,MG9a,MG9,0.5
MG9MG9AW7,MG9a,W7,0.5
MG9MG9AW8,MG9a,W8,0.5
MG9MG9BMG6,MG9b,MG6,0.5
MG9MG9BMG9,MG9b,MG9,0.5
MG9MG9BW7,MG9b,W7,0.5
MG9MG9BW8,MG9b,W8,0.5
U1U1U1,U1,U1,0.5
U1U1H1,U1,H1,0.5
U1U1H2,U1,H2,0.5
U1U1H8,U1,H8,0.5
U1U1MC5,U1,MC5,0.5
U1U1W16,U1,W16,0.5
U1U1W23,U1,W23,0.5
U1U1W24,U1,W24,0.5
U1U1W25,U1,W25,0.5
U1U1CG7,U1,CG7,0.5
U1U1AU1,U1a,U1,0.5
U1U1AH1,U1a,H1,0.5
U1U1AH2,U1a,H2,0.5
U1U1AH8,U1a,H8,0.5
U1U1AMC5,U1a,MC5,0.5
U1U1AW16,U1a,W16,0.5
U1U1AW23,U1a,W23,0.5
U1U1AW24,U1a,W24,0.5
U1U1AW25,U1a,W25,0.5
U1U1ACG7,U1a,CG7,0.5
U1U1BU1,U1b,U1,0.5
U1U1BH1,U1b,H1,0.5
U1U1BH2,U1b,H2,0.5
U1U1BH8,U1b,H8,0.5
U1U1BMC5,U1b,MC5,0.5
U1U1BW16,U1b,W16,0.5
U1U1BW23,U1b,W23,0.5
U1U1BW24,U1b,W24,0.5
U1U1BW25,U1b,W25,0.5
U1U1BCG7,U1b,CG7,0.5
U1U1CU1,U1c,U1,0.5
U1U1CH1,U1c,H1,0.5
U1U1CH2,U1c,H2,0.5
U1U1CH8,U1c,H8,0.5
U1U1CMC5,U1c,MC5,0.5
U1U1CW16,U1c,W16,0.5
U1U1CW23,U1c,W23,0.5
U1U1CW24,U1c,W24,0.5
U1U1CW25,U1c,W25,0.5
U1U1CCG7,U1c,CG7,0.5
U1U1DU1,U1d,U1,0.5
U1U1DH1,U1d,H1,0.5
U1U1DH2,U1d,H2,0.5
U1U1DH8,U1d,H8,0.5
U1U1DMC5,U1d,MC5,0.5
U1U1DW16,U1d,W16,0.5
U1U1DW23,U1d,W23,0.5
U1U1DW24,U1d,W24,0.5
U1U1DW25,U1d,W25,0.5
U1U1DCG7,U1d,CG7,0.5
U1U1EU1,U1e,U1,0.5
U1U1EH1,U1e,H1,0.5
U1U1EH2,U1e,H2,0.5
U1U1EH8,U1e,H8,0.5
U1U1EMC5,U1e,MC5,0.5
U1U1EW16,U1e,W16,0.5
U1U1EW23,U1e,W23,0.5
U1U1EW24,U1e,W24,0.5
U1U1EW25,U1e,W25,0.5
U1U1ECG7,U1e,CG7,0.5
U1U1FU1,U1f,U1,0.5
U1U1FH1,U1f,H1,0.5
U1U1FH2,U1f,H2,0.5
U1U1FH8,U1f,H8,0.5
U1U1FMC5,U1f,MC5,0.5
U1U1FW16,U1f,W16,0.5
U1U1FW23,U1f,W23,0.5
U1U1FW24,U1f,W24,0.5
U1U1FW25,U1f,W25,0.5
U1U1FCG7,U1f,CG7,0.5
U2U2W16,U2,W16,0.5
U2U2H2,U2,H2,0.5
U2U2H8,U2,H8,0.5
U2U2W23,U2,W23,0.5
U2U2U1,U2,U1,0.5
U2U2H9,U2,H9,0.5
U2U2U5,U2,U5,0.5
U2U2M4,U2,M4,0.5
U2U2M5,U2,M5,0.5
U2U2M6,U2,M6,0.5
U2U2M7,U2,M7,0.5
U2U2M8,U2,M8,0.5
U2U2M19,U2,M19,0.5
U2U2AW16,U2a,W16,0.5
U2U2AH2,U2a,H2,0.5
U2U2AH8,U2a,H8,0.5
U2U2AW23,U2a,W23,0.5
U2U2AU1,U2a,U1,0.5
U2U2AH9,U2a,H9,0.5
U2U2AU5,U2a,U5,0.5
U2U2AM4,U2a,M4,0.5
U2U2AM5,U2a,M5,0.5
U2U2AM6,U2a,M6,0.5
U2U2AM7,U2a,M7,0.5
U2U2AM8,U2a,M8,0.5
U2U2AM19,U2a,M19,0.5
U2U2BW16,U2b,W16,0.5
U2U2BH2,U2b,H2,0.5
U2U2BH8,U2b,H8,0.5
U2U2BW23,U2b,W23,0.5
U2U2BU1,U2b,U1,0.5
U2U2BH9,U2b,H9,0.5
U2U2BU5,U2b,U5,0.5
U2U2BM4,U2b,M4,0.5
U2U2BM5,U2b,M5,0.5
U2U2BM6,U2b,M6,0.5
U2U2BM7,U2b,M7,0.5
U2U2BM8,U2b,M8,0.5
U2U2BM19,U2b,M19,0.5
U3U3M14,U3,M14,0.5
U3U3M25,U3,M25,0.5
U3U3M15,U3,M15,0.5
U3U3H12,U3,H12,0.5
U3U3M17,U3,M17,0.5
U3U3U4,U3,U4,0.5
U3U3MG6,U3,MG6,0.5
U3U3W23,U3,W23,0.5
U3U3U20,U3,U20,0.5
U4U4U4,U4,U4,0.5
U4U4U1,U4,U1,0.5
U4U4M23,U4,M23,0.5
U4U4M18,U4,M18,0.5
U4U4M25,U4,M25,0.5
U4U4U5,U4,U5,0.5
U4U4H18,U4,H18,0.5
U4U4CG10,U4,CG10,0.5
U4U4CG11,U4,CG11,0.5
U4U4CG9,U4,CG9,0.5
U4U4CG2,U4,CG2,0.5
U4U4W11,U4,W11,0.5
U4U4H2,U4,H2,0.5
U4U4H8,U4,H8,0.5
U4U4H10,U4,H10,0.5
U4U4H7,U4,H7,0.5
U4U4H12,U4,H12,0.5
U4U4H9,U4,H9,0.5
U4U4W23,U4,W23,0.5
U4U4U20,U4,U20,0.5
U4U4AU4,U4a,U4,0.5
U4U4AU1,U4a,U1,0.5
U4U4AM23,U4a,M23,0.5
U4U4AM18,U4a,M18,0.5
U4U4AM25,U4a,M25,0.5
U4U4AU5,U4a,U5,0.5
U4U4AH18,U4a,H18,0.5
U4U4ACG10,U4a,CG10,0.5
U4U4ACG11,U4a,CG11,0.5
U4U4ACG9,U4a,CG9,0.5
U4U4ACG2,U4a,CG2,0.5
U4U4AW11,U4a,W11,0.5
U4U4AH2,U4a,H2,0.5
U4U4AH8,U4a,H8,0.5
U4U4AH10,U4a,H10,0.5
U4U4AH7,U4a,H7,0.5
U4U4AH12,U4a,H12,0.5
U4U4AH9,U4a,H9,0.5
U4U4AW23,U4a,W23,0.5
U4U4AU20,U4a,U20,0.5
U4U4BU4,U4b,U4,0.5
U4U4BU1,U4b,U1,0.5
U4U4BM23,U4b,M23,0.5
U4U4BM18,U4b,M18,0.5
U4U4BM25,U4b,M25,0.5
U4U4BU5,U4b,U5,0.5
U4U4BH18,U4b,H18,0.5
U4U4BCG10,U4b,CG10,0.5
U4U4BCG11,U4b,CG11,0.5
U4U4BCG9,U4b,CG9,0.5
U4U4BCG2,U4b,CG2,0.5
U4U4BW11,U4b,W11,0.5
U4U4BH2,U4b,H2,0.5
U4U4BH8,U4b,H8,0.5
U4U4BH10,U4b,H10,0.5
U4U4BH7,U4b,H7,0.5
U4U4BH12,U4b,H12,0.5
U4U4BH9,U4b,H9,0.5
U4U4BW23,U4b,W23,0.5
U4U4BU20,U4b,U20,0.5
U4U4CU4,U4c,U4,0.5
U4U4CU1,U4c,U1,0.5
U4U4CM23,U4c,M23,0.5
U4U4CM18,U4c,M18,0.5
U4U4CM25,U4c,M25,0.5
U4U4CU5,U4c,U5,0.5
U4U4CH18,U4c,H18,0.5
U4U4CCG10,U4c,CG10,0.5
U4U4CCG11,U4c,CG11,0.5
U4U4CCG9,U4c,CG9,0.5
U4U4CCG2,U4c,CG2,0.5
U4U4CW11,U4c,W11,0.5
U4U4CH2,U4c,H2,0.5
U4U4CH8,U4c,H8,0.5
U4U4CH10,U4c,H10,0.5
U4U4CH7,U4c,H7,0.5
U4U4CH12,U4c,H12,0.5
U4U4CH9,U4c,H9,0.5
U4U4CW23,U4c,W23,0.5
U4U4CU20,U4c,U20,0.5
U4U4DU4,U4d,U4,0.5
U4U4DU1,U4d,U1,0.5
U4U4DM23,U4d,M23,0.5
U4U4DM18,U4d,M18,0.5
U4U4DM25,U4d,M25,0.5
U4U4DU5,U4d,U5,0.5
U4U4DH18,U4d,H18,0.5
U4U4DCG10,U4d,CG10,0.5
U4U4DCG11,U4d,CG11,0.5
U4U4DCG9,U4d,CG9,0.5
U4U4DCG2,U4d,CG2,0.5
U4U4DW11,U4d,W11,0.5
U4U4DH2,U4d,H2,0.5
U4U4DH8,U4d,H8,0.5
U4U4DH10,U4d,H10,0.5
U4U4DH7,U4d,H7,0.5
U4U4DH12,U4d,H12,0.5
U4U4DH9,U4d,H9,0.5
U4U4DW23,U4d,W23,0.5
U4U4DU20,U4d,U20,0.5
U4U4EU4,U4e,U4,0.5
U4U4EU1,U4e,U1,0.5
U4U4EM23,U4e,M23,0.5
U4U4EM18,U4e,M18,0.5
U4U4EM25,U4e,M25,0.5
U4U4EU5,U4e,U5,0.5
U4U4EH18,U4e,H18,0.5
U4U4ECG10,U4e,CG10,0.5
U4U4ECG11,U4e,CG11,0.5
U4U4ECG9,U4e,CG9,0.5
U4U4ECG2,U4e,CG2,0.5
U4U4EW11,U4e,W11,0.5
U4U4EH2,U4e,H2,0.5
U4U4EH8,U4e,H8,0.5
U4U4EH10,U4e,H10,0.5
U4U4EH7,U4e,H7,0.5
U4U4EH12,U4e,H12,0.5
U4U4EH9,U4e,H9,0.5
U4U4EW23,U4e,W23,0.5
U4U4EU20,U4e,U20,0.5
W1W1W1,W1,W1,0.5
W1W1S25,W1,S25,0.5
W1W1S26,W1,S26,0.5
W1W1W6,W1,W6,0.5
W1W1MG10,W1,MG10,0.5
W1W1MG6,W1,MG6,0.5
W1W1W4,W1,W4,0.5
W10W10W10,W10,W10,0.5
W10W10W6,W10,W6,0.5
W10W10W8,W10,W8,0.5
W10W10W16,W10,W16,0.5
W10W10W24,W10,W24,0.5
W10W10MG10,W10,MG10,0.5
W10W10AW10,W10a,W10,0.5
W10W10AW6,W10a,W6,0.5
W10W10AW8,W10a,W8,0.5
W10W10AW16,W10a,W16,0.5
W10W10AW24,W10a,W24,0.5
W10W10AMG10,W10a,MG10,0.5
W10W10BW10,W10b,W10,0.5
W10W10BW6,W10b,W6,0.5
W10W10BW8,W10b,W8,0.5
W10W10BW16,W10b,W16,0.5
W10W10BW24,W10b,W24,0.5
W10W10BMG10,W10b,MG10,0.5
W10W10CW10,W10c,W10,0.5
W10W10CW6,W10c,W6,0.5
W10W10CW8,W10c,W8,0.5
W10W10CW16,W10c,W16,0.5
W10W10CW24,W10c,W24,0.5
W10W10CMG10,W10c,MG10,0.5
W10W10DW10,W10d,W10,0.5
W10W10DW6,W10d,W6,0.5
W10W10DW8,W10d,W8,0.5
W10W10DW16,W10d,W16,0.5
W10W10DW24,W10d,W24,0.5
W10W10DMG10,W10d,MG10,0.5
W10W10EW10,W10e,W10,0.5
W10W10EW6,W10e,W6,0.5
W10W10EW8,W10e,W8,0.5
W10W10EW16,W10e,W16,0.5
W10W10EW24,W10e,W24,0.5
W10W10EMG10,W10e,MG10,0.5
W2W2W2,W2,W2,0.5
W2W2S25,W2,S25,0.5
W2W2W6,W2,W6,0.5
W2W2W5,W2,W5,0.5
W2W2W3,W2,W3,0.5
W2W2AW2,W2a,W2,0.5
W2W2AS25,W2a,S25,0.5
W2W2AW6,W2a,W6,0.5
W2W2AW5,W2a,W5,0.5
W2W2AW3,W2a,W3,0.5
W2W2BW2,W2b,W2,0.5
W2W2BS25,W2b,S25,0.5
W2W2BW6,W2b,W6,0.5
W2W2BW5,W2b,W5,0.5
W2W2BW3,W2b,W3,0.5
W3W3W3,W3,W3,0.5
W3W3W4,W3,W4,0.5
W3W3M9,W3,M9,0.5
W3W3W6,W3,W6,0.5
W3W3W2,W3,W2,0.5
W4W4W4,W4,W4,0.5
W4W4W3,W4,W3,0.5
W4W4AW4,W4a,W4,0.5
W4W4AW3,W4a,W3,0.5
W4W4BW4,W4b,W4,0.5
W4W4BW3,W4b,W3,0.5
W4W4CW4,W4c,W4,0.5
W4W4CW3,W4c,W3,0.5
W5W5W5,W5,W5,0.5
W5W5S25,W5,S25,0.5
W5W5W2,W5,W2,0.5
W5W5W6,W5,W6,0.5
W5W5S26,W5,S26,0.5
W5W5AW5,W5a,W5,0.5
W5W5AS25,W5a,S25,0.5
W5W5AW2,W5a,W2,0.5
W5W5AW6,W5a,W6,0.5
W5W5AS26,W5a,S26,0.5
W5W5BW5,W5b,W5,0.5
W5W5BS25,W5b,S25,0.5
W5W5BW2,W5b,W2,0.5
W5W5BW6,W5b,W6,0.5
W5W5BS26,W5b,S26,0.5
W5W5CW5,W5c,W5,0.5
W5W5CS25,W5c,S25,0.5
W5W5CW2,W5c,W2,0.5
W5W5CW6,W5c,W6,0.5
W5W5CS26,W5c,S26,0.5
W6W6W6,W6,W6,0.5
W6W6W2,W6,W2,0.5
W6W6W5,W6,W5,0.5
W6W6W3,W6,W3,0.5
W6W6W4,W6,W4,0.5
W6W6AW6,W6a,W6,0.5
W6W6AW2,W6a,W2,0.5
W6W6AW5,W6a,W5,0.5
W6W6AW3,W6a,W3,0.5
W6W6AW4,W6a,W4,0.5
W6W6BW6,W6b,W6,0.5
W6W6BW2,W6b,W2,0.5
W6W6BW5,W6b,W5,0.5
W6W6BW3,W6b,W3,0.5
W6W6BW4,W6b,W4,0.5
W6W6DW6,W6d,W6,0.5
W6W6DW2,W6d,W2,0.5
W6W6DW5,W6d,W5,0.5
W6W6DW3,W6d,W3,0.5
W6W6DW4,W6d,W4,0.5
W6W6EW6,W6e,W6,0.5
W6W6EW2,W6e,W2,0.5
W6W6EW5,W6e,W5,0.5
W6W6EW3,W6e,W3,0.5
W6W6EW4,W6e,W4,0.5
W7W7W11,W7,W11,0.5
W7W7W10,W7,W10,0.5
W7W7W8,W7,W8,0.5
W7W7W9,W7,W9,0.5
W7W7W24,W7,W24,0.5
W7W7AW11,W7a,W11,0.5
W7W7AW10,W7a,W10,0.5
W7W7AW8,W7a,W8,0.5
W7W7AW9,W7a,W9,0.5
W7W7AW24,W7a,W24,0.5
W7W7BW11,W7b,W11,0.5
W7W7BW10,W7b,W10,0.5
W7W7BW8,W7b,W8,0.5
W7W7BW9,W7b,W9,0.5
W7W7BW24,W7b,W24,0.5
W7W7CW11,W7c,W11,0.5
W7W7CW10,W7c,W10,0.5
W7W7CW8,W7c,W8,0.5
W7W7CW9,W7c,W9,0.5
W7W7CW24,W7c,W24,0.5
W8W8W8,W8,W8,0.5
W8W8W6,W8,W6,0.5
W8W8W10,W8,W10,0.5
W8W8W24,W8,W24,0.5
W8W8W21,W8,W21,0.5
W8W8CG2,W8,CG2,0.5
W8W8CG9,W8,CG9,0.5
W8W8W12,W8,W12,0.5
W8W8MG9,W8,MG9,0.5
W8W8MG6,W8,MG6,0.5
W8W8MG10,W8,MG10,0.5
W8W8W9,W8,W9,0.5
W8W8W7,W8,W7,0.5
W8W8CG8,W8,CG8,0.5
W8W8AW8,W8a,W8,0.5
W8W8AW6,W8a,W6,0.5
W8W8AW10,W8a,W10,0.5
W8W8AW24,W8a,W24,0.5
W8W8AW21,W8a,W21,0.5
W8W8ACG2,W8a,CG2,0.5
W8W8ACG9,W8a,CG9,0.5
W8W8AW12,W8a,W12,0.5
W8W8AMG9,W8a,MG9,0.5
W8W8AMG6,W8a,MG6,0.5
W8W8AMG10,W8a,MG10,0.5
W8W8AW9,W8a,W9,0.5
W8W8AW7,W8a,W7,0.5
W8W8ACG8,W8a,CG8,0.5
W8W8BW8,W8b,W8,0.5
W8W8BW6,W8b,W6,0.5
W8W8BW10,W8b,W10,0.5
W8W8BW24,W8b,W24,0.5
W8W8BW21,W8b,W21,0.5
W8W8BCG2,W8b,CG2,0.5
W8W8BCG9,W8b,CG9,0.5
W8W8BW12,W8b,W12,0.5
W8W8BMG9,W8b,MG9,0.5
W8W8BMG6,W8b,MG6,0.5
W8W8BMG10,W8b,MG10,0.5
W8W8BW9,W8b,W9,0.5
W8W8BW7,W8b,W7,0.5
W8W8BCG8,W8b,CG8,0.5
W8W8CW8,W8c,W8,0.5
W8W8CW6,W8c,W6,0.5
W8W8CW10,W8c,W10,0.5
W8W8CW24,W8c,W24,0.5
W8W8CW21,W8c,W21,0.5
W8W8CCG2,W8c,CG2,0.5
W8W8CCG9,W8c,CG9,0.5
W8W8CW12,W8c,W12,0.5
W8W8CMG9,W8c,MG9,0.5
W8W8CMG6,W8c,MG6,0.5
W8W8CMG10,W8c,MG10,0.5
W8W8CW9,W8c,W9,0.5
W8W8CW7,W8c,W7,0.5
W8W8CCG8,W8c,CG8,0.5
W8W8DW8,W8d,W8,0.5
W8W8DW6,W8d,W6,0.5
W8W8DW10,W8d,W10,0.5
W8W8DW24,W8d,W24,0.5
W8W8DW21,W8d,W21,0.5
W8W8DCG2,W8d,CG2,0.5
W8W8DCG9,W8d,CG9,0.5
W8W8DW12,W8d,W12,0.5
W8W8DMG9,W8d,MG9,0.5
W8W8DMG6,W8d,MG6,0.5
W8W8DMG10,W8d,MG10,0.5
W8W8DW9,W8d,W9,0.5
W8W8DW7,W8d,W7,0.5
W8W8DCG8,W8d,CG8,0.5
W8W8EW8,W8e,W8,0.5
W8W8EW6,W8e,W6,0.5
W8W8EW10,W8e,W10,0.5
W8W8EW24,W8e,W24,0.5
W8W8EW21,W8e,W21,0.5
W8W8ECG2,W8e,CG2,0.5
W8W8ECG9,W8e,CG9,0.5
W8W8EW12,W8e,W12,0.5
W8W8EMG9,W8e,MG9,0.5
W8W8EMG6,W8e,MG6,0.5
W8W8EMG10,W8e,MG10,0.5
W8W8EW9,W8e,W9,0.5
W8W8EW7,W8e,W7,0.5
W8W8ECG8,W8e,CG8,0.5
W8W8FW8,W8f,W8,0.5
W8W8FW6,W8f,W6,0.5
W8W8FW10,W8f,W10,0.5
W8W8FW24,W8f,W24,0.5
W8W8FW21,W8f,W21,0.5
W8W8FCG2,W8f,CG2,0.5
W8W8FCG9,W8f,CG9,0.5
W8W8FW12,W8f,W12,0.5
W8W8FMG9,W8f,MG9,0.5
W8W8FMG6,W8f,MG6,0.5
W8W8FMG10,W8f,MG10,0.5
W8W8FW9,W8f,W9,0.5
W8W8FW7,W8f,W7,0.5
W8W8FCG8,W8f,CG8,0.5
W8W8GW8,W8g,W8,0.5
W8W8GW6,W8g,W6,0.5
W8W8GW10,W8g,W10,0.5
W8W8GW24,W8g,W24,0.5
W8W8GW21,W8g,W21,0.5
W8W8GCG2,W8g,CG2,0.5
W8W8GCG9,W8g,CG9,0.5
W8W8GW12,W8g,W12,0.5
W8W8GMG9,W8g,MG9,0.5
W8W8GMG6,W8g,MG6,0.5
W8W8GMG10,W8g,MG10,0.5
W8W8GW9,W8g,W9,0.5
W8W8GW7,W8g,W7,0.5
W8W8GCG8,W8g,CG8,0.5
W9W9W9,W9,W9,0.5
W9W9W11,W9,W11,0.5
W9W9W17,W9,W17,0.5
W9W9W7,W9,W7,0.5
W9W9W8,W9,W8,0.5
W9W9CG10,W9,CG10,0.5
W9W9CG9,W9,CG9,0.5
W9W9CG13,W9,CG13,0.5
W9W9M10,W9,M10,0.5
W9W9MG3,W9,MG3,0.5
W9W9AW9,W9a,W9,0.5
W9W9AW11,W9a,W11,0.5
W9W9AW17,W9a,W17,0.5
W9W9AW7,W9a,W7,0.5
W9W9AW8,W9a,W8,0.5
W9W9ACG10,W9a,CG10,0.5
W9W9ACG9,W9a,CG9,0.5
W9W9ACG13,W9a,CG13,0.5
W9W9AM10,W9a,M10,0.5
W9W9AMG3,W9a,MG3,0.5
W9W9BW9,W9b,W9,0.5
W9W9BW11,W9b,W11,0.5
W9W9BW17,W9b,W17,0.5
W9W9BW7,W9b,W7,0.5
W9W9BW8,W9b,W8,0.5
W9W9BCG10,W9b,CG10,0.5
W9W9BCG9,W9b,CG9,0.5
W9W9BCG13,W9b,CG13,0.5
W9W9BM10,W9b,M10,0.5
W9W9BMG3,W9b,MG3,0.5
